{
  "classifier": 
  {
    "Daumen": [
      [ -0.2686860675618093, -0.8699247246460083, 0.07760628482576422 ],
      [ -0.013057912560946992, -0.8309919331974926, 0.07924695562232088 ],
      [ 0.049910626593853126, -0.8251704475903534, 0.058379109492508276 ],
      [ 0.1968123525711312, -0.8368770750365871, 0.014031076153990713 ],
      [ -3.45112736031117e-17, -0.6583283985406686, 0.04770503323672386 ],
      [ -0.8487793262522357, 0.14519726071628383, 0.004053842435372494 ],
      [ -0.3668519832129646, 0.22140202060546166, -0.005454292852647355 ],
      [ 0.03173358653967602, -0.000835884226738353, 0.023122952031836765 ],
      [ 0.024382585972454494, -0.44116196811355557, 0.035595675946855435 ],
      [ -0.8922229543325395, 0.1028466136473661, 0.02901703400791452 ],
      [ -0.2895360870166368, 0.16646258808982936, -0.0132228480792511 ],
      [ 0.34125496781237186, -0.0010309302423124657, 0.0014764664177746526 ],
      [ 0.016597640878916728, -0.14492275863964577, 0.022241633152090292 ],
      [ -0.9226541718770052, 0.0059841680423562745, 0.06230933500636243 ],
      [ -0.24799516737104427, 0.10553065289954612, -0.006136333883895841 ],
      [ 0.5278459204473444, 0.009679309686603672, -0.0309778321857444 ],
      [ -1.9787220079451693e-17, 0.183717767348729, 0.0012940610085177557 ],
      [ -0.9060146376004552, -0.09097919124821219, 0.06673819258904665 ],
      [ -0.2375194369917903, -0.018109472944552504, 0.00476436132160992 ],
      [ 0.32606666532805056, -0.018132815612623174, 0.02202130598615081 ]
    ],
    "Stop": [
      [ -0.5340846409182465, -0.22264278211108024, -0.20881885754022034 ],
      [ -0.22378240229728083, -0.6020428004307483, -0.3725598930502077 ],
      [ -0.18701327839724904, -0.7458743202934706, -0.39096312721230336 ],
      [ -0.27506083348582144, -0.71390248881441, -0.34140752001070684 ],
      [ -6.899524518379638e-18, -0.8005296719121118, -0.4128606300095551 ],
      [ -0.022861506427443324, -0.8919308852160553, -0.3662433858483748 ],
      [ -0.07591158352310462, -0.8912550809799397, -0.35930705013049385 ],
      [ 0.015110741355670315, -0.8934516136512913, -0.3602461571488498 ],
      [ 0.03890366857944431, -0.8663156528835629, -0.4071570958894584 ],
      [ 0.03776735528169927, -0.9084440956678932, -0.35084435746736187 ],
      [ -0.030137409123465363, -0.9081321465224901, -0.34341571077810923 ],
      [ 0.019752951492464435, -0.9089335049889865, -0.3390319765896325 ],
      [ 0.03691612445596573, -0.9024736120593884, -0.38294951242123365 ],
      [ 0.030633688246088166, -0.9096239239779674, -0.3484770390973101 ],
      [ -0.050926692600952596, -0.9010871589206051, -0.34470857069919103 ],
      [ -0.01935074190418133, -0.9011514158314058, -0.33988694602790365 ],
      [ 6.186382040103543e-19, -0.9107937214589497, -0.3391281058858904 ],
      [ -0.020452025647497152, -0.9051283252665905, -0.3344386466672428 ],
      [ -0.08576352733813473, -0.8900573257495414, -0.32349153528044505 ],
      [ -0.04566043729842009, -0.8893027925507, -0.3205775576348575 ]
    ]
  }, "cutoff": 5.508542435321581}