{"classifier": {"flat": [[0.10381181942433163, -0.24237830012190695, -0.4098177250673573], [0.10261518427636614, -0.6960682713853397, -0.27318117482931686], [0.10250805232609968, -0.8215851083907104, -0.3244923408669671], [0.10500504949311787, -0.7638055330245946, -0.38687451382124355], [0.05605401411862371, -0.8837161283618421, -0.15747419718673256], [0.037592529535223046, -0.9261178404980799, -0.27359896589253385], [0.04896829791169978, -0.908931492835524, -0.32927036586152986], [0.03842575798292106, -0.9298679432880892, -0.26494044461119376], [0.042140963535860304, -0.9368089036232576, -0.17393457528306236], [0.00848811404639589, -0.9467752092226946, -0.21744978730086575], [0.017452081079388945, -0.9276658769700986, -0.3153670668069892], [0.01011010379383383, -0.9399734214494425, -0.2795334761870327], [0.028007066023445014, -0.9466856873156752, -0.2188738771176079], [-0.004200058466250742, -0.9432070516978822, -0.23594280817581254], [0.00774229313764157, -0.9126401167307465, -0.34873175252358546], [0.0019051130028238526, -0.921976640698813, -0.3211330794106766], [0.013778313262861327, -0.9117381649108363, -0.291905385317301], [-0.024527954047484656, -0.9163629055100999, -0.2989695122448426], [-0.01816838759639638, -0.8865112778635588, -0.3711908651169366], [-0.030402470417463898, -0.8993371238877446, -0.33161427816064665]], "fist": [[-0.06503160312155168, -0.2601821526655384, -0.4656562484868094], [-0.07218367116992552, -0.40396000353294464, -0.6425659158016783], [0.00916001926854944, -0.29627754461330835, -0.7186995289140055], [0.024230279827838704, -0.15260133711860052, -0.6850595838560841], [-0.03878347709173998, -0.6228243446547733, -0.572496853342121], [0.038932225460577376, 0.24996341036661765, -0.4727985449692184], [-0.010382911339724741, 0.7163872986747547, 0.23910094371619878], [-0.0006593969080288078, 0.2455063982700603, 0.3461966422403801], [-0.010439037049459246, -0.634667689004612, -0.6210504780287941], [0.029577362975542223, 0.3156758625954091, -0.4682080500475311], [-0.026755000667390214, 0.6765751685799896, 0.4049245047148555], [-0.08964524972085866, 0.02322672560770215, 0.4774126778663537], [0.01323310943527211, -0.5774876026847648, -0.6846265518804473], [0.029242573780409425, 0.3589646182587152, -0.3813844832810799], [-0.025191566228108562, 0.6100609719090578, 0.533595094221316], [-0.08634481443885536, -0.02978322006136374, 0.5103408530250174], [0.030272413829209928, -0.4688307274236709, -0.7403167076588242], [0.052524135483646685, 0.33634417053804827, -0.33780651461481054], [-0.043271261002394715, 0.6471180772429059, 0.24057882090970537], [-0.1119316100367122, 0.002834897695879618, -0.05923317754786146]], "index": [[0.02955470866147991, -0.524659510369744, -0.2381439406391363], [0.05774296808860804, -0.8287784233384348, -0.3334443388957277], [0.09683800718946249, -0.7968797495317713, -0.4266693787788034], [0.10078521026328306, -0.597251612778238, -0.46973191995827646], [0.020511541600782668, -0.9156661246970296, -0.16945639891201092], [0.053904195983967104, -0.8431132378894617, -0.35894668636594884], [0.04040362887262654, -0.7744102487036797, -0.3706123608950681], [0.01846121858416496, -0.806525375188906, -0.3156273510881895], [0.018975840451154153, -0.927221540963717, -0.24999092342709736], [0.11503442008957647, -0.4386977705964215, -0.5588296733652532], [-0.03560424906122534, 0.8229508978231277, -0.11550871638025108], [-0.14496495046987265, 0.7449219517482873, 0.10980677728314289], [0.021177795419007432, -0.8830581255725326, -0.3637569625460976], [0.1147319634926704, -0.2844657178045506, -0.5600557418949615], [-0.05444411542570255, 0.8730042009155528, 0.05278782445971072], [-0.1465610184377057, 0.6494018037634053, 0.2377210887949229], [0.024731577600515125, -0.7723362050694461, -0.4887978059425573], [0.1144695559140418, -0.2855115774689816, -0.46306862240431174], [-0.057271041193060104, 0.8341236275103758, 0.033589137943814074], [-0.16645810209054732, 0.6539321967962374, 0.11806758314224151]]}, "cutoff": 6.5716033693696785}