{"classifier": {"flat": [[-0.5340846409182465, -0.22264278211108027, -0.20881885754022034], [-0.22378240229728083, -0.6020428004307483, -0.3725598930502077], [-0.18701327839724904, -0.7458743202934706, -0.3909631272123034], [-0.27506083348582144, -0.71390248881441, -0.34140752001070696], [-5.677173591739494e-18, -0.8005296719121118, -0.4128606300095551], [-0.022861506427443324, -0.8919308852160552, -0.36624338584837485], [-0.07591158352310463, -0.8912550809799398, -0.35930705013049397], [0.015110741355670315, -0.8934516136512913, -0.3602461571488498], [0.03890366857944431, -0.8663156528835629, -0.40715709588945836], [0.03776735528169927, -0.9084440956678932, -0.35084435746736187], [-0.030137409123465363, -0.9081321465224901, -0.3434157107781093], [0.019752951492464428, -0.9089335049889865, -0.3390319765896325], [0.03691612445596574, -0.9024736120593884, -0.38294951242123365], [0.03063368824608816, -0.9096239239779674, -0.3484770390973101], [-0.050926692600952596, -0.901087158920605, -0.34470857069919103], [-0.019350741904181328, -0.9011514158314058, -0.33988694602790365], [-3.0834697497911117e-19, -0.9107937214589495, -0.3391281058858904], [-0.020452025647497155, -0.9051283252665905, -0.3344386466672428], [-0.08576352733813473, -0.8900573257495412, -0.32349153528044505], [-0.0456604372984201, -0.8893027925507002, -0.3205775576348575]], "thumbup": [[-0.2686860675618093, -0.8699247246460082, 0.0776062848257642], [-0.013057912560946988, -0.8309919331974928, 0.07924695562232081], [0.04991062659385313, -0.8251704475903534, 0.058379109492508276], [0.19681235257113125, -0.8368770750365871, 0.014031076153990716], [-3.108838338968024e-17, -0.6583283985406686, 0.04770503323672386], [-0.8487793262522356, 0.14519726071628386, 0.004053842435372494], [-0.3668519832129646, 0.22140202060546169, -0.005454292852647345], [0.031733586539676006, -0.0008358842267383366, 0.023122952031836796], [0.024382585972454483, -0.44116196811355557, 0.035595675946855435], [-0.8922229543325395, 0.1028466136473661, 0.029017034007914538], [-0.2895360870166368, 0.16646258808982936, -0.0132228480792511], [0.34125496781237186, -0.0010309302423124498, 0.0014764664177746526], [0.01659764087891673, -0.14492275863964574, 0.022241633152090372], [-0.9226541718770052, 0.00598416804235627, 0.06230933500636243], [-0.24799516737104424, 0.10553065289954612, -0.006136333883895972], [0.5278459204473445, 0.009679309686603684, -0.030977832185744382], [-1.5692773161139366e-17, 0.183717767348729, 0.0012940610085177557], [-0.9060146376004552, -0.09097919124821219, 0.06673819258904666], [-0.23751943699179032, -0.01810947294455251, 0.00476436132160992], [0.3260666653280505, -0.018132815612623174, 0.022021305986150937]], "arrow": [[0.04203923242882133, -0.9160485038877902, -0.08106566023302758], [0.03175478362676171, -0.8891733086030512, 0.3372884686344566], [0.07083959075106734, -0.870654113165791, 0.3703020498283544], [0.10897701531559176, -0.89410565609038, 0.2222869540104013], [-7.356072367624278e-18, -0.7298512790027729, 0.6201042677895733], [-0.0011257209907879456, -0.029722317587979698, 0.8181765227680469], [-0.023720129241393648, 0.0622277126829669, 0.7921121956585601], [-0.11397975238850161, 0.09560952127345201, 0.8194345460720549], [-0.00031126929196130656, -0.5216522542668472, 0.8025126682730607], [0.03394537743648068, 0.2604502947579591, 0.273464865802662], [0.11487781857175171, 0.14585759428389364, -0.8414745710699889], [-0.008997224292193092, -0.09062962251959492, -0.7169748590903489], [-0.00011128947926053089, -0.22368808818696825, 0.9298568260872755], [0.02012606221572216, 0.16490919088628536, 0.08561136865029058], [0.1601687129422907, 0.1503228974892915, -0.8733466543508253], [0.0312380511152243, -0.020145262507384874, -0.5542142053743194], [-5.58920270052422e-18, 0.128439470170033, 0.9472261742859197], [-0.001147977897694136, 0.034614172835114726, 0.058375543453308594], [0.11673672277181864, 0.07059165477839457, -0.8934738820075868], [0.09468913761465166, 0.010756907116538135, -0.7130403816131824]], "fist": [[-0.4504321632561549, -0.4539701474420896, -0.3427525946991675], [-0.2946300676569171, -0.5629921906994356, -0.5146099353575899], [-0.3773491349954376, -0.45693168901516096, -0.6237198324260824], [-0.2671358103049416, -0.3267219212427975, -0.6885703071987214], [1.1756429993955605e-18, -0.5874463335488529, -0.6532617203543712], [-0.7681957932173645, -0.08811281251238096, -0.1574397444694656], [-0.4698369525262721, 0.3690178600948551, 0.36020831731096936], [0.0348152424228952, 0.27440810225447015, 0.16338628494343682], [0.07025741084318203, -0.5642581822798579, -0.7237892584671147], [-0.8086141037342092, -0.06548250677095596, -0.117919436935062], [-0.3889235732115767, 0.3917158630070288, 0.5627616002674415], [0.29429556071384805, 0.11237264444293527, 0.28849150832890813], [0.0619058429440441, -0.5187467176349247, -0.7723070063162092], [-0.8095206186666295, -0.015092259319733068, -0.052330318345526726], [-0.2666667057139055, 0.4275953051731905, 0.6354001895677704], [0.3873365209340571, 0.12435193063578719, 0.3206203883923305], [-2.5998097778768607e-18, -0.4541636024394542, -0.7901106701790079], [-0.8010702515594729, -0.009760897198466111, -0.08521419008645705], [-0.5877347773782793, 0.25315139485363636, 0.4074341838655089], [-0.03313148572247687, -0.21499112601166137, -0.12888570062512442]], "index": [[-0.5834137520184036, -0.5125762420494945, -0.17957187077699338], [-0.19932046396328693, -0.8023797245158047, -0.3357271846312388], [-0.050117887681167136, -0.8572143116749241, -0.3909442956175473], [0.011763664793376222, -0.6655617379209358, -0.32725427413361363], [-5.205847658873817e-18, -0.8411780663099503, -0.3281806869897764], [-0.10081622454558509, -0.8836181209756971, -0.35416866173836364], [-0.13661807766362574, -0.8622117421855248, -0.34620313155974786], [-0.039265302083522746, -0.8595121049504136, -0.3353428426745878], [0.04709318765259965, -0.8881577673824026, -0.34738856941806423], [-0.5043505848839387, -0.728144243264259, -0.29323348929854737], [-0.6045383843605294, 0.615738073490446, 0.20256113261973], [-0.28001043038576895, 0.7637443391623951, 0.2900496369000551], [0.042031450449895244, -0.9031905344496267, -0.3513623258344078], [-0.6142968214426366, -0.6166604368509258, -0.2662432348927835], [-0.48618036277023846, 0.7553589646274295, 0.27391617239026983], [-0.10178272885202004, 0.8392754732059298, 0.3357044969643688], [2.180861425773291e-18, -0.8652220558419017, -0.3390014941364239], [-0.5822606335403278, -0.6311761656622388, -0.2857464837309767], [-0.5324321209695096, 0.7024282393741451, 0.2648038602553165], [-0.18170462916127963, 0.7837131369191941, 0.34298932928033216]], "stop": [[-0.5921955485050528, -0.6352755502485197, 0.47227436227980607], [-0.21336510828888985, -0.9235055834825087, 0.2980806626913001], [-0.23312184543904746, -0.9565695898956541, 0.1378901769507799], [-0.47883811325486775, -0.8137450262725467, 0.29675396798749437], [7.668674124835402e-18, -0.9916097476406721, 0.05645001170932731], [-0.11467952528801797, -0.9854243981402446, -0.06909595332841992], [-0.20266933597117925, -0.95853229294812, -0.16985791893614632], [-0.10040816837632324, -0.9677043313937718, -0.20163787106377712], [0.04340649680787509, -0.983916575250116, -0.12825119121644907], [0.05247117245339212, -0.9732527407408864, -0.19714530178238904], [-0.1747261376827404, -0.942064934356546, -0.2657568633159993], [-0.12295961302439928, -0.9426768385820226, -0.2875129192591633], [0.04242054436486125, -0.9440892020441971, -0.3044136011734954], [0.02411852021806764, -0.9455070910463329, -0.3043476593620657], [-0.16639107062835948, -0.9150088539546163, -0.34977052710950063], [-0.10405175586624764, -0.926281785420674, -0.3408265362312588], [-8.615294780260678e-18, -0.854129740848788, -0.504809628386356], [-0.021759594430034186, -0.8128050896431585, -0.5688556736181776], [-0.1382405624181167, -0.788804131681889, -0.5856491265451231], [-0.060877114251761906, -0.8141771721561548, -0.561974880624963]],