{
  "classifier": 
  {
    "thumb": [
      [ -0.2686860675618093, -0.8699247246460083, 0.07760628482576422 ],
      [ -0.013057912560946992, -0.8309919331974926, 0.07924695562232088 ],
      [ 0.049910626593853126, -0.8251704475903534, 0.058379109492508276 ],
      [ 0.1968123525711312, -0.8368770750365871, 0.014031076153990713 ],
      [ -3.45112736031117e-17, -0.6583283985406686, 0.04770503323672386 ],
      [ -0.8487793262522357, 0.14519726071628383, 0.004053842435372494 ],
      [ -0.3668519832129646, 0.22140202060546166, -0.005454292852647355 ],
      [ 0.03173358653967602, -0.000835884226738353, 0.023122952031836765 ],
      [ 0.024382585972454494, -0.44116196811355557, 0.035595675946855435 ],
      [ -0.8922229543325395, 0.1028466136473661, 0.02901703400791452 ],
      [ -0.2895360870166368, 0.16646258808982936, -0.0132228480792511 ],
      [ 0.34125496781237186, -0.0010309302423124657, 0.0014764664177746526 ],
      [ 0.016597640878916728, -0.14492275863964577, 0.022241633152090292 ],
      [ -0.9226541718770052, 0.0059841680423562745, 0.06230933500636243 ],
      [ -0.24799516737104427, 0.10553065289954612, -0.006136333883895841 ],
      [ 0.5278459204473444, 0.009679309686603672, -0.0309778321857444 ],
      [ -1.9787220079451693e-17, 0.183717767348729, 0.0012940610085177557 ],
      [ -0.9060146376004552, -0.09097919124821219, 0.06673819258904665 ],
      [ -0.2375194369917903, -0.018109472944552504, 0.00476436132160992 ],
      [ 0.32606666532805056, -0.018132815612623174, 0.02202130598615081 ]
    ],
    "arrow": [
      [ 0.04203923242882133, -0.9160485038877902, -0.08106566023302758 ],
      [ 0.03175478362676171, -0.8891733086030514, 0.3372884686344566 ],
      [ 0.07083959075106734, -0.8706541131657909, 0.3703020498283544 ],
      [ 0.10897701531559176, -0.89410565609038, 0.2222869540104013 ],
      [ -9.927611544860476e-18, -0.7298512790027729, 0.6201042677895733 ],
      [ -0.0011257209907879456, -0.029722317587979705, 0.8181765227680469 ],
      [ -0.023720129241393634, 0.0622277126829669, 0.7921121956585601 ],
      [ -0.11397975238850161, 0.09560952127345204, 0.8194345460720549 ],
      [ -0.00031126929196131393, -0.5216522542668472, 0.8025126682730607 ],
      [ 0.03394537743648068, 0.2604502947579591, 0.273464865802662 ],
      [ 0.11487781857175171, 0.1458575942838937, -0.8414745710699889 ],
      [ -0.008997224292193112, -0.09062962251959494, -0.7169748590903487 ],
      [ -0.00011128947926053496, -0.2236880881869682, 0.9298568260872755 ],
      [ 0.020126062215722215, 0.16490919088628536, 0.08561136865029056 ],
      [ 0.16016871294229076, 0.1503228974892915, -0.873346654350825 ],
      [ 0.0312380511152243, -0.02014526250738488, -0.5542142053743194 ],
      [ -8.48535206024012e-18, 0.12843947017003302, 0.9472261742859199 ],
      [ -0.0011479778976941394, 0.03461417283511474, 0.05837554345330859 ],
      [ 0.11673672277181864, 0.07059165477839457, -0.8934738820075867 ],
      [ 0.09468913761465166, 0.010756907116538135, -0.7130403816131824 ]
    ],
    "flat": [
      [ -0.5340846409182465, -0.22264278211108024, -0.20881885754022034 ],
      [ -0.22378240229728083, -0.6020428004307483, -0.3725598930502077 ],
      [ -0.18701327839724904, -0.7458743202934706, -0.39096312721230336 ],
      [ -0.27506083348582144, -0.71390248881441, -0.34140752001070684 ],
      [ -6.899524518379638e-18, -0.8005296719121118, -0.4128606300095551 ],
      [ -0.022861506427443324, -0.8919308852160553, -0.3662433858483748 ],
      [ -0.07591158352310462, -0.8912550809799397, -0.35930705013049385 ],
      [ 0.015110741355670315, -0.8934516136512913, -0.3602461571488498 ],
      [ 0.03890366857944431, -0.8663156528835629, -0.4071570958894584 ],
      [ 0.03776735528169927, -0.9084440956678932, -0.35084435746736187 ],
      [ -0.030137409123465363, -0.9081321465224901, -0.34341571077810923 ],
      [ 0.019752951492464435, -0.9089335049889865, -0.3390319765896325 ],
      [ 0.03691612445596573, -0.9024736120593884, -0.38294951242123365 ],
      [ 0.030633688246088166, -0.9096239239779674, -0.3484770390973101 ],
      [ -0.050926692600952596, -0.9010871589206051, -0.34470857069919103 ],
      [ -0.01935074190418133, -0.9011514158314058, -0.33988694602790365 ],
      [ 6.186382040103543e-19, -0.9107937214589497, -0.3391281058858904 ],
      [ -0.020452025647497152, -0.9051283252665905, -0.3344386466672428 ],
      [ -0.08576352733813473, -0.8900573257495414, -0.32349153528044505 ],
      [ -0.04566043729842009, -0.8893027925507, -0.3205775576348575 ]
    ],
    "stop": [
      [ -0.5921955485050528, -0.6352755502485197, 0.47227436227980607 ],
      [ -0.2133651082888899, -0.9235055834825087, 0.2980806626913002 ],
      [ -0.23312184543904751, -0.9565695898956543, 0.1378901769507799 ],
      [ -0.47883811325486775, -0.8137450262725467, 0.29675396798749437 ],
      [ 8.709508210421487e-18, -0.9916097476406719, 0.05645001170932728 ],
      [ -0.11467952528801797, -0.9854243981402446, -0.06909595332841992 ],
      [ -0.20266933597117925, -0.95853229294812, -0.16985791893614632 ],
      [ -0.10040816837632324, -0.967704331393772, -0.20163787106377712 ],
      [ 0.04340649680787509, -0.983916575250116, -0.12825119121644907 ],
      [ 0.05247117245339212, -0.9732527407408864, -0.197145301782389 ],
      [ -0.1747261376827404, -0.942064934356546, -0.26575686331599935 ],
      [ -0.12295961302439928, -0.9426768385820226, -0.2875129192591633 ],
      [ 0.04242054436486125, -0.9440892020441973, -0.3044136011734954 ],
      [ 0.02411852021806764, -0.9455070910463331, -0.30434765936206565 ],
      [ -0.16639107062835948, -0.9150088539546163, -0.34977052710950063 ],
      [ -0.10405175586624764, -0.926281785420674, -0.3408265362312588 ],
      [ -7.341170296181161e-18, -0.854129740848788, -0.504809628386356 ],
      [ -0.02175959443003419, -0.8128050896431585, -0.5688556736181776 ],
      [ -0.1382405624181167, -0.788804131681889, -0.5856491265451231 ],
      [ -0.060877114251761934, -0.8141771721561548, -0.561974880624963 ]
    ]
  }, "cutoff": 7.408542435321581}