{"classifier": {"fist": [[-0.4504321632561549, -0.4539701474420895, -0.3427525946991676], [-0.2946300676569171, -0.5629921906994356, -0.5146099353575899], [-0.3773491349954376, -0.45693168901516085, -0.6237198324260823], [-0.26713581030494155, -0.3267219212427976, -0.6885703071987214], [8.587515229678461e-19, -0.5874463335488529, -0.6532617203543712], [-0.7681957932173645, -0.08811281251238098, -0.1574397444694656], [-0.4698369525262721, 0.3690178600948552, 0.36020831731096936], [0.03481524242289522, 0.27440810225447015, 0.16338628494343682], [0.07025741084318203, -0.5642581822798579, -0.723789258467115], [-0.808614103734209, -0.06548250677095595, -0.117919436935062], [-0.38892357321157683, 0.3917158630070288, 0.5627616002674415], [0.2942955607138481, 0.11237264444293525, 0.28849150832890813], [0.061905842944044095, -0.5187467176349247, -0.7723070063162092], [-0.8095206186666295, -0.015092259319733077, -0.05233031834552672], [-0.2666667057139055, 0.4275953051731905, 0.6354001895677704], [0.3873365209340571, 0.12435193063578719, 0.32062038839233054], [-4.938608828672145e-18, -0.45416360243945425, -0.7901106701790079], [-0.8010702515594729, -0.009760897198466114, -0.08521419008645705], [-0.5877347773782793, 0.2531513948536364, 0.4074341838655089], [-0.03313148572247683, -0.21499112601166143, -0.12888570062512442]], "index": [[-0.5834137520184036, -0.5125762420494945, -0.17957187077699338], [-0.19932046396328695, -0.8023797245158047, -0.3357271846312389], [-0.050117887681167116, -0.857214311674924, -0.3909442956175473], [0.011763664793376228, -0.6655617379209358, -0.32725427413361374], [-6.2478168116753765e-18, -0.8411780663099503, -0.3281806869897764], [-0.10081622454558509, -0.8836181209756971, -0.35416866173836364], [-0.13661807766362577, -0.8622117421855248, -0.34620313155974786], [-0.039265302083522746, -0.8595121049504136, -0.3353428426745879], [0.04709318765259964, -0.8881577673824026, -0.34738856941806423], [-0.5043505848839387, -0.728144243264259, -0.29323348929854737], [-0.6045383843605294, 0.6157380734904461, 0.20256113261973], [-0.280010430385769, 0.7637443391623951, 0.2900496369000551], [0.04203145044989524, -0.9031905344496269, -0.3513623258344078], [-0.6142968214426366, -0.6166604368509258, -0.2662432348927835], [-0.48618036277023846, 0.7553589646274295, 0.27391617239026983], [-0.10178272885202005, 0.8392754732059298, 0.3357044969643688], [2.1749605796531075e-18, -0.8652220558419019, -0.3390014941364239], [-0.5822606335403278, -0.6311761656622388, -0.2857464837309767], [-0.5324321209695096, 0.7024282393741451, 0.2648038602553165], [-0.18170462916127963, 0.783713136919194, 0.34298932928033216]], "stop": [[-0.5921955485050528, -0.6352755502485197, 0.47227436227980607], [-0.2133651082888899, -0.9235055834825087, 0.2980806626913002], [-0.23312184543904751, -0.9565695898956543, 0.1378901769507799], [-0.47883811325486775, -0.8137450262725467, 0.29675396798749437], [8.709508210421487e-18, -0.9916097476406719, 0.05645001170932728], [-0.11467952528801797, -0.9854243981402446, -0.06909595332841992], [-0.20266933597117925, -0.95853229294812, -0.16985791893614632], [-0.10040816837632324, -0.967704331393772, -0.20163787106377712], [0.04340649680787509, -0.983916575250116, -0.12825119121644907], [0.05247117245339212, -0.9732527407408864, -0.197145301782389], [-0.1747261376827404, -0.942064934356546, -0.26575686331599935], [-0.12295961302439928, -0.9426768385820226, -0.2875129192591633], [0.04242054436486125, -0.9440892020441973, -0.3044136011734954], [0.02411852021806764, -0.9455070910463331, -0.30434765936206565], [-0.16639107062835948, -0.9150088539546163, -0.34977052710950063], [-0.10405175586624764, -0.926281785420674, -0.3408265362312588], [-7.341170296181161e-18, -0.854129740848788, -0.504809628386356], [-0.02175959443003419, -0.8128050896431585, -0.5688556736181776], [-0.1382405624181167, -0.788804131681889, -0.5856491265451231], [-0.060877114251761934, -0.8141771721561548, -0.561974880624963]], "thumbup": [[-0.2686860675618093, -0.8699247246460083, 0.07760628482576422], [-0.013057912560946992, -0.8309919331974926, 0.07924695562232088], [0.049910626593853126, -0.8251704475903534, 0.058379109492508276], [0.1968123525711312, -0.8368770750365871, 0.014031076153990713], [-3.45112736031117e-17, -0.6583283985406686, 0.04770503323672386], [-0.8487793262522357, 0.14519726071628383, 0.004053842435372494], [-0.3668519832129646, 0.22140202060546166, -0.005454292852647355], [0.03173358653967602, -0.000835884226738353, 0.023122952031836765], [0.024382585972454494, -0.44116196811355557, 0.035595675946855435], [-0.8922229543325395, 0.1028466136473661, 0.02901703400791452], [-0.2895360870166368, 0.16646258808982936, -0.0132228480792511], [0.34125496781237186, -0.0010309302423124657, 0.0014764664177746526], [0.016597640878916728, -0.14492275863964577, 0.022241633152090292], [-0.9226541718770052, 0.0059841680423562745, 0.06230933500636243], [-0.24799516737104427, 0.10553065289954612, -0.006136333883895841], [0.5278459204473444, 0.009679309686603672, -0.0309778321857444], [-1.9787220079451693e-17, 0.183717767348729, 0.0012940610085177557], [-0.9060146376004552, -0.09097919124821219, 0.06673819258904665], [-0.2375194369917903, -0.018109472944552504, 0.00476436132160992], [0.32606666532805056, -0.018132815612623174, 0.02202130598615081]], "arrow": [[0.04203923242882133, -0.9160485038877902, -0.08106566023302758], [0.03175478362676171, -0.8891733086030514, 0.3372884686344566], [0.07083959075106734, -0.8706541131657909, 0.3703020498283544], [0.10897701531559176, -0.89410565609038, 0.2222869540104013], [-9.927611544860476e-18, -0.7298512790027729, 0.6201042677895733], [-0.0011257209907879456, -0.029722317587979705, 0.8181765227680469], [-0.023720129241393634, 0.0622277126829669, 0.7921121956585601], [-0.11397975238850161, 0.09560952127345204, 0.8194345460720549], [-0.00031126929196131393, -0.5216522542668472, 0.8025126682730607], [0.03394537743648068, 0.2604502947579591, 0.273464865802662], [0.11487781857175171, 0.1458575942838937, -0.8414745710699889], [-0.008997224292193112, -0.09062962251959494, -0.7169748590903487], [-0.00011128947926053496, -0.2236880881869682, 0.9298568260872755], [0.020126062215722215, 0.16490919088628536, 0.08561136865029056], [0.16016871294229076, 0.1503228974892915, -0.873346654350825], [0.0312380511152243, -0.02014526250738488, -0.5542142053743194], [-8.48535206024012e-18, 0.12843947017003302, 0.9472261742859199], [-0.0011479778976941394, 0.03461417283511474, 0.05837554345330859], [0.11673672277181864, 0.07059165477839457, -0.8934738820075867], [0.09468913761465166, 0.010756907116538135, -0.7130403816131824]], "thumbdown": [[-0.3937104793212036, 0.6657593991969801, 0.17427076238504435], [-0.3296582500958277, 0.6056795846809632, 0.16653920736837552], [-0.3622354898909852, 0.5171008200982505, 0.10352040350228474], [-0.4069148763332785, 0.532087007811881, 0.07075241015921653], [1.9770494876445606e-17, 0.3641567524273967, 0.07960278662421394], [-0.43013865103160087, 0.02932220946645623, -0.04071671112583815], [-0.5231246057051081, -0.11951865881081601, -0.021453024383958675], [0.07181575361388604, -0.10898456906036981, -0.036154071458075476], [0.05049630253451481, 0.08219773056578877, 0.001965226973851719], [-0.568970082468204, -0.039768973260557845, -0.06937316733367915], [-0.5788427164447207, -0.02363764564223698, -0.05391229562090114], [0.3943944504485536, -0.010607578045153245, -0.06718318314190015], [0.04196813238576537, -0.23969544014770675, -0.07573345561198652], [-0.5149827190851657, -0.03365820152560207, -0.07252775480228033], [-0.45296926355501865, 0.15783962434042, 0.028819319263639617], [0.4497162600835623, 0.058337939102800315, -0.036058335230275504], [2.0750650532084796e-17, -0.5144649889487188, -0.14641953663817445], [-0.3373766246915566, 0.0199247820006381, -0.07163582595695175], [-0.5683224909833833, 0.3485114255326845, 0.10861040339596692], [0.10360993036227813, 0.15074972243379142, 0.034628921694516764]],