{
  "classifier": {
    "ok": [
      0.008672279901006405,
      0.22789018376080786,
      0.10324715589340074,
      0.13341958265126463,
      0.04200207356969259,
      0.05293658086858992,
      0.10123962634364245,
      0.08809312379316539,
      0.06271807454867327
    ],
    "fist": [
      0.005646398735329461,
      0.05219190508887213,
      0.04495175384927424,
      0.04951700281117036,
      0.019675797080280243,
      0.015558550618408846,
      0.012118715580198164,
      0.00868454789755677,
      0.011594216765136622
    ],
    "thumbup": [
      0.03632196565054694,
      0.0599382457559274,
      0.05021556884833192,
      0.052916892031645436,
      0.0645476361847739,
      0.016153475903446117,
      0.007790044745181832,
      0.006410801295692645,
      0.009735154828667887
    ],
    "stop": [
      0.03631761987672326,
      0.06462122047794977,
      0.05365297447757152,
      0.09811387555375778,
      0.024902084330761083,
      0.049672405253837475,
      0.05825578768654049,
      0.050749773634048444,
      0.034996546658769216
    ],
    "index": [
      0.02591422565093823,
      0.18873313737797298,
      0.03929205461800855,
      0.029374780518398143,
      0.009368954475213513,
      0.04467710684044377,
      0.006892001981147123,
      0.00472573463160926,
      0.005676604785436926
    ],
    "flat": [
      0.047333114172618734,
      0.05390712299005671,
      0.04512600161077955,
      0.06916504803960312,
      0.02348467667961621,
      0.05221512815471205,
      0.06424023350060606,
      0.056416157946973695,
      0.03588221391960562
    ],
    "arrow": [
      0.0534542405765311,
      0.15133934795856316,
      0.04656299421031574,
      0.040150802023119825,
      0.04367691075353669,
      0.03102418775289962,
      0.004009994689320413,
      0.0029799789883849497,
      0.00626744377146267
    ]
  },
  "cutoff": 0.4
}