{"classifier": {"flat": [0.047333114172618894, 0.053907122990056774, 0.04512600161077961, 0.0691650480396032, 0.023484676679616106, 0.05221512815471199, 0.06424023350060594, 0.05641615794697361, 0.03588221391960564], "ok": [0.008672279901006394, 0.2278901837608082, 0.10324715589340061, 0.13341958265126433, 0.04200207356969257, 0.05293658086858997, 0.10123962634364285, 0.0880931237931655, 0.06271807454867331], "thumbup": [0.03632196565054694, 0.059938245755927405, 0.05021556884833201, 0.0529168920316454, 0.06454763618477387, 0.016153475903446127, 0.007790044745181825, 0.006410801295692639, 0.009735154828667894], "arrow": [0.05345424057653108, 0.15133934795856357, 0.04656299421031576, 0.04015080202311967, 0.04367691075353678, 0.03102418775289966, 0.004009994689320418, 0.0029799789883849423, 0.00626744377146266], "stop": [0.03631761987672326, 0.06462122047794977, 0.05365297447757152, 0.09811387555375778, 0.024902084330761083, 0.049672405253837475, 0.05825578768654049, 0.050749773634048444, 0.034996546658769216], "index": [0.02591422565093817, 0.18873313737797248, 0.039292054618008734, 0.02937478051839817, 0.009368954475213496, 0.04467710684044385, 0.00689200198114713, 0.0047257346316092715, 0.005676604785436957]}, "cutoff": 1.0485193084137887}